{
	"format_version": "1.8.0",
	"animations": {
		"animation.lechonk.idle": {
			"loop": true,
			"animation_length": 1,
			"override_previous_animation": true,
			"bones": {
				"body": {
					"rotation": {
						"0.0": [0, 0, 5],
						"0.25": [-2.5, 0, -0.625],
						"0.5": [0, 0, -5],
						"0.75": [-2.34375, 0, -0.27344],
						"1.0": [0, 0, 5]
					}
				},
				"ear0": {
					"rotation": {
						"0.0": [-5.57893, 1.31927, 4.85752],
						"0.5": [-8.92114, -1.87545, -7.34165],
						"1.0": [-5.57893, 1.31927, 4.85752]
					}
				},
				"ear1": {
					"rotation": {
						"0.0": [-6.56212, 1.34135, 12.47121],
						"0.5": [-0.53408, -1.65968, -4.83376],
						"1.0": [-6.56212, 1.34135, 12.47121]
					}
				}
			}
		},
		"animation.lechonk.walk": {
			"loop": true,
			"animation_length": 0.83333,
			"override_previous_animation": true,
			"bones": {
				"externalpivot": {
					"rotation": {
						"0.0": [0, 0, 0],
						"0.2083": [0, 0, -5],
						"0.625": [0, 0, 5],
						"0.8333": [0, 0, 0]
					},
					"position": {
						"0.0": [0, 0, 0],
						"0.2083": [0, 3, 0],
						"0.4167": [0, 0, 0],
						"0.625": [0, 3, 0],
						"0.8333": [0, 0, 0]
					}
				},
				"ear0": {
					"rotation": {
						"0.0": [-15, 0, 0],
						"0.2083": [5, 0, 0],
						"0.4167": [-15, 0, 0],
						"0.625": [5, 0, 0],
						"0.8333": [-15, 0, 0]
					}
				},
				"ear1": {
					"rotation": {
						"0.0": [-15, 0, 0],
						"0.2083": [5, 0, 0],
						"0.4167": [-15, 0, 0],
						"0.625": [5, 0, 0],
						"0.8333": [-15, 0, 0]
					}
				},
				"leg0": {
					"rotation": {
						"0.0": [0, 0, 0],
						"0.2083": [30, 0, 0],
						"0.4167": [0, 0, 0],
						"0.625": [-30, 0, 0],
						"0.8333": [0, 0, 0]
					}
				},
				"leg1": {
					"rotation": {
						"0.0": [0, 0, 0],
						"0.2083": [-30, 0, 0],
						"0.4167": [0, 0, 0],
						"0.625": [30, 0, 0],
						"0.8333": [0, 0, 0]
					}
				},
				"leg2": {
					"rotation": {
						"0.0": [0, 0, 0],
						"0.2083": [-30, 0, 0],
						"0.4167": [0, 0, 0],
						"0.625": [30, 0, 0],
						"0.8333": [0, 0, 0]
					}
				},
				"leg3": {
					"rotation": {
						"0.0": [0, 0, 0],
						"0.2083": [30, 0, 0],
						"0.4167": [0, 0, 0],
						"0.625": [-30, 0, 0],
						"0.8333": [0, 0, 0]
					}
				}
			}
		},
		"animation.ket:lechonk.dig": {
			"loop": "hold_on_last_frame",
			"animation_length": 2,
			"bones": {
				"externalpivot": {
					"rotation": {
						"0.0": [0, 0, 0],
						"1.125": [0, 0, 0],
						"1.2917": [-5, 0, 0],
						"1.4167": [-7.5, 0, 0],
						"1.5833": [0, 0, 0]
					},
					"position": {
						"0.0": [0, 0, 0],
						"0.0833": [0, 2, 0],
						"0.125": [0, -0.5, 0],
						"1.125": [0, 0, 0],
						"1.4167": [0, 0.5, 0],
						"1.5833": [0, 0, 0]
					}
				},
				"body": {
					"rotation": {
						"0.0": [-5, 0, 0],
						"0.2083": [20.09, 0, 0],
						"0.4583": [19.47128, 13.4403, -0.46276],
						"0.6667": [17.51053, -11.0608, 1.76987],
						"0.875": [19.47128, 13.4403, -0.46276],
						"1.125": [25, 0, 0],
						"1.2917": [15, 0, 0],
						"1.4167": [-7.5, 0, 0],
						"1.5833": [0, 0, 0],
						"1.7083": [-2.5, 0, -5],
						"2.0": [-2.5, 0, -5]
					},
					"position": {
						"0.2083": [0, -1, -1],
						"1.125": [0, -2, -1],
						"1.4167": [0, -1, -0.5],
						"1.5833": [0, 0, 0],
						"1.7083": [0, -0.5, 0],
						"2.0": [0, -0.5, 0]
					}
				},
				"ear0": {
					"rotation": {
						"0.0": [-57.7976, -18.68677, -7.49026],
						"0.4583": [-40.4271, -27.8708, -12.10591],
						"0.6667": [-51.31868, 3.08383, 5.60708],
						"0.8333": [-40.4271, -27.8708, -12.10591],
						"1.0": [-46.11579, -13.78876, -0.24147],
						"1.125": [-8.61579, -13.78876, -0.24147]
					}
				},
				"ear1": {
					"rotation": {
						"0.0": [-61.75879, 11.97189, 3.69291],
						"0.4583": [-45.90699, -19.47532, -15.48373],
						"0.6667": [-58.13753, 18.78044, 7.37349],
						"0.875": [-45.90699, -19.47532, -15.48373],
						"1.0": [-45.45297, 11.8472, 5.40388],
						"1.125": [-7.95297, 11.8472, 5.40388]
					}
				}
			}
		}
	}
}