{
	"format_version": "1.8.0",
	"animations": {
		"animation.lechonk.idle": {
			"loop": true,
			"animation_length": 1,
			"override_previous_animation": true,
			"bones": {
				"body": {
					"rotation": {
						"0.0": [0, 0, 5],
						"0.25": [-2.5, 0, -0.625],
						"0.5": [0, 0, -5],
						"0.75": [-2.34375, 0, -0.27344],
						"1.0": [0, 0, 5]
					}
				},
				"ear0": {
					"rotation": {
						"0.0": [-5.57893, 1.31927, 4.85752],
						"0.5": [-8.92114, -1.87545, -7.34165],
						"1.0": [-5.57893, 1.31927, 4.85752]
					}
				},
				"ear1": {
					"rotation": {
						"0.0": [-6.56212, 1.34135, 12.47121],
						"0.5": [-0.53408, -1.65968, -4.83376],
						"1.0": [-6.56212, 1.34135, 12.47121]
					}
				}
			}
		},
		"animation.lechonk.walk": {
			"loop": true,
			"animation_length": 1,
			"override_previous_animation": true,
			"bones": {
				"externalpivot": {
					"rotation": {
						"0.0": [0, 0, 0],
						"0.2083": [0, 0, -5],
						"0.625": [0, 0, 5],
						"0.8333": [0, 0, 0]
					},
					"position": {
						"0.0": [0, 0, 0],
						"0.2083": [0, 3, 0],
						"0.4167": [0, 0, 0],
						"0.625": [0, 3, 0],
						"0.8333": [0, 0, 0]
					}
				},
				"ear0": {
					"rotation": {
						"0.0": [-15, 0, 0],
						"0.2083": [5, 0, 0],
						"0.4167": [-15, 0, 0],
						"0.625": [5, 0, 0],
						"0.8333": [-15, 0, 0]
					}
				},
				"ear1": {
					"rotation": {
						"0.0": [-15, 0, 0],
						"0.2083": [5, 0, 0],
						"0.4167": [-15, 0, 0],
						"0.625": [5, 0, 0],
						"0.8333": [-15, 0, 0]
					}
				},
				"leg0": {
					"rotation": {
						"0.0": [0, 0, 0],
						"0.2083": [30, 0, 0],
						"0.4167": [0, 0, 0],
						"0.625": [-30, 0, 0],
						"0.8333": [0, 0, 0]
					}
				},
				"leg1": {
					"rotation": {
						"0.0": [0, 0, 0],
						"0.2083": [-30, 0, 0],
						"0.4167": [0, 0, 0],
						"0.625": [30, 0, 0],
						"0.8333": [0, 0, 0]
					}
				},
				"leg2": {
					"rotation": {
						"0.0": [0, 0, 0],
						"0.2083": [-30, 0, 0],
						"0.4167": [0, 0, 0],
						"0.625": [30, 0, 0],
						"0.8333": [0, 0, 0]
					}
				},
				"leg3": {
					"rotation": {
						"0.0": [0, 0, 0],
						"0.2083": [30, 0, 0],
						"0.4167": [0, 0, 0],
						"0.625": [-30, 0, 0],
						"0.8333": [0, 0, 0]
					}
				}
			}
		}
	}
}